{
  "main": {
    "id": "0ca5d090d545879f",
    "type": "split",
    "children": [
      {
        "id": "6355cb1bde8bbe5a",
        "type": "tabs",
        "children": [
          {
            "id": "30295df680604394",
            "type": "leaf",
            "state": {
              "type": "empty",
              "state": {},
              "icon": "lucide-file",
              "title": "New tab"
            }
          }
        ]
      }
    ],
    "direction": "vertical"
  },
  "left": {
    "id": "dcdaf7f4e5e32b34",
    "type": "split",
    "children": [
      {
        "id": "77faf6f24519c3e5",
        "type": "tabs",
        "children": [
          {
            "id": "64fae8b4cb4f9cdb",
            "type": "leaf",
            "state": {
              "type": "file-explorer",
              "state": {
                "sortOrder": "alphabetical",
                "autoReveal": false
              },
              "icon": "lucide-folder-closed",
              "title": "Files"
            }
          },
          {
            "id": "edff518def08b593",
            "type": "leaf",
            "state": {
              "type": "search",
              "state": {
                "query": "",
                "matchingCase": false,
                "explainSearch": false,
                "collapseAll": false,
                "extraContext": false,
                "sortOrder": "alphabetical"
              },
              "icon": "lucide-search",
              "title": "Search"
            }
          },
          {
            "id": "b5b587f11468ad67",
            "type": "leaf",
            "state": {
              "type": "bookmarks",
              "state": {},
              "icon": "lucide-bookmark",
              "title": "Bookmarks"
            }
          }
        ]
      }
    ],
    "direction": "horizontal",
    "width": 300
  },
  "right": {
    "id": "21975d946e12bb55",
    "type": "split",
    "children": [
      {
        "id": "f5c3a589b523a172",
        "type": "tabs",
        "children": [
          {
            "id": "9e433d5f9fd37c55",
            "type": "leaf",
            "state": {
              "type": "backlink",
              "state": {
                "file": "Coaching/Ryan's Hours.md",
                "collapseAll": false,
                "extraContext": false,
                "sortOrder": "alphabetical",
                "showSearch": false,
                "searchQuery": "",
                "backlinkCollapsed": false,
                "unlinkedCollapsed": true
              },
              "icon": "links-coming-in",
              "title": "Backlinks for Ryan's Hours"
            }
          },
          {
            "id": "6d627597e395f44b",
            "type": "leaf",
            "state": {
              "type": "outgoing-link",
              "state": {
                "file": "Coaching/Ryan's Hours.md",
                "linksCollapsed": false,
                "unlinkedCollapsed": true
              },
              "icon": "links-going-out",
              "title": "Outgoing links from Ryan's Hours"
            }
          },
          {
            "id": "6ee88307fba06fc4",
            "type": "leaf",
            "state": {
              "type": "tag",
              "state": {
                "sortOrder": "frequency",
                "useHierarchy": true,
                "showSearch": false,
                "searchQuery": ""
              },
              "icon": "lucide-tags",
              "title": "Tags"
            }
          },
          {
            "id": "cd77b7637501e6ac",
            "type": "leaf",
            "state": {
              "type": "all-properties",
              "state": {
                "sortOrder": "frequency",
                "showSearch": false,
                "searchQuery": ""
              },
              "icon": "lucide-archive",
              "title": "All properties"
            }
          },
          {
            "id": "3a4dab25b27b5657",
            "type": "leaf",
            "state": {
              "type": "outline",
              "state": {
                "file": "Coaching/Ryan's Hours.md",
                "followCursor": false,
                "showSearch": false,
                "searchQuery": ""
              },
              "icon": "lucide-list",
              "title": "Outline of Ryan's Hours"
            }
          }
        ]
      }
    ],
    "direction": "horizontal",
    "width": 300,
    "collapsed": true
  },
  "left-ribbon": {
    "hiddenItems": {
      "switcher:Open quick switcher": false,
      "graph:Open graph view": false,
      "canvas:Create new canvas": false,
      "daily-notes:Open today's daily note": false,
      "templates:Insert template": false,
      "command-palette:Open command palette": false,
      "bases:Create new base": false
    }
  },
  "active": "30295df680604394",
  "lastOpenFiles": [
    "meet results/stanford open 2026/Reflections.md",
    "meet results/west coast classic 2026/Team Results.md",
    "meet results/west coast classic 2026/Reflections.md",
    "meet results/west coast classic 2026/Event Highlights.md",
    "meet results/west coast classic 2026/D2 All-Around Rankings.md",
    "meet results/west coast classic 2026/D1 All-Around Rankings.md",
    "meet results/west coast classic 2026/CSC Scores.md",
    "meet results/stanford open 2026/Team Results.md",
    "meet results/stanford open 2026/CSC Scores.md",
    "meet results/stanford open 2026/All-Around Rankings.md",
    "meet results/west coast classic 2026/West Coast Classic 2026 Event Highlights.md",
    "meet results/west coast classic 2026/West Coast Classic 2026 D2 All-Around Rankings.md",
    "meet results/west coast classic 2026/West Coast Classic 2026 D1 All-Around Rankings.md",
    "meet results/west coast classic 2026/West Coast Classic 2026 CSC Scores.md",
    "meet results/west coast classic 2026/West Coast Classic 2026 Team Results.md",
    "files/Team Warm-Up & Stretch.md",
    "files/Rotation_Schedule.md",
    "logistics/Calendar & Events.md",
    "meet results/stanford open 2026/Stanford Open 2026 All-Around Rankings.md",
    "meet results/stanford open 2026/Stanford Open 2026 CSC Scores.md",
    "meet results/stanford open 2026/Stanford Open 2026 Team Results.md",
    "meet results/stanford open 2026/Stanford_Open_2026_Complete_Meet_Results_ALL.md",
    "notes/USAG Meet Day Logistics.md",
    "notes/NGA Meet Day Logistics.md",
    "notes/Level 3 routine improvements.md",
    "notes",
    "essentials/Calendar & Events.md",
    "meet results/stanford open 2026",
    "past lesson plans",
    "meet results/west coast classic 2026",
    "meet results",
    "meeting notes",
    "meeting nots",
    "coaching tips",
    "references",
    "reffrences"
  ]
}