{
  "main": {
    "id": "4090f2c91df1bf71",
    "type": "split",
    "children": [
      {
        "id": "08f45d624323dc1d",
        "type": "tabs",
        "children": [
          {
            "id": "7930e55144a4762f",
            "type": "leaf",
            "state": {
              "type": "markdown",
              "state": {
                "file": "notes/Technical manual.md",
                "mode": "source",
                "source": false
              },
              "icon": "lucide-file",
              "title": "Technical manual"
            }
          },
          {
            "id": "6b3d55795982ea94",
            "type": "leaf",
            "state": {
              "type": "markdown",
              "state": {
                "file": "code of points/USAG Compulsory Routines/Level 3.md",
                "mode": "source",
                "source": false
              },
              "icon": "lucide-file",
              "title": "Level 3"
            }
          },
          {
            "id": "a33454f5e5924146",
            "type": "leaf",
            "state": {
              "type": "markdown",
              "state": {
                "file": "notes/Rotation_Schedule.md",
                "mode": "source",
                "source": false
              },
              "icon": "lucide-file",
              "title": "Rotation_Schedule"
            }
          }
        ],
        "currentTab": 2
      }
    ],
    "direction": "vertical"
  },
  "left": {
    "id": "9486d183b66771c0",
    "type": "mobile-drawer",
    "children": [
      {
        "id": "2af58cfe61fee822",
        "type": "leaf",
        "state": {
          "type": "file-explorer",
          "state": {
            "sortOrder": "alphabetical",
            "autoReveal": false
          },
          "icon": "lucide-folder-closed",
          "title": "Files"
        }
      },
      {
        "id": "6034d217f182f076",
        "type": "leaf",
        "state": {
          "type": "search",
          "state": {
            "query": "",
            "matchingCase": false,
            "explainSearch": false,
            "collapseAll": false,
            "extraContext": false,
            "sortOrder": "alphabetical"
          },
          "icon": "lucide-search",
          "title": "Search"
        }
      },
      {
        "id": "42728c8992da24e5",
        "type": "leaf",
        "state": {
          "type": "tag",
          "state": {
            "sortOrder": "frequency",
            "useHierarchy": true,
            "showSearch": false,
            "searchQuery": ""
          },
          "icon": "lucide-tags",
          "title": "Tags"
        }
      },
      {
        "id": "0267c43076312848",
        "type": "leaf",
        "state": {
          "type": "all-properties",
          "state": {
            "sortOrder": "frequency",
            "showSearch": false,
            "searchQuery": ""
          },
          "icon": "lucide-archive",
          "title": "All properties"
        }
      },
      {
        "id": "9b659dbf7b7e8083",
        "type": "leaf",
        "state": {
          "type": "bookmarks",
          "state": {},
          "icon": "lucide-bookmark",
          "title": "Bookmarks"
        }
      }
    ],
    "currentTab": 0
  },
  "right": {
    "id": "ae6a4e6c3087bac9",
    "type": "mobile-drawer",
    "children": [
      {
        "id": "bdd5bea4cf720ef1",
        "type": "leaf",
        "state": {
          "type": "backlink",
          "state": {
            "file": "notes/Technical manual.md",
            "collapseAll": false,
            "extraContext": false,
            "sortOrder": "alphabetical",
            "showSearch": false,
            "searchQuery": "",
            "backlinkCollapsed": false,
            "unlinkedCollapsed": true
          },
          "icon": "links-coming-in",
          "title": "Backlinks"
        }
      },
      {
        "id": "1d3628a8a87b37a4",
        "type": "leaf",
        "state": {
          "type": "outgoing-link",
          "state": {
            "file": "Untitled.md",
            "linksCollapsed": false,
            "unlinkedCollapsed": true
          },
          "icon": "links-going-out",
          "title": "Outgoing links"
        }
      },
      {
        "id": "0a1f0e49256cd232",
        "type": "leaf",
        "state": {
          "type": "outline",
          "state": {
            "file": "Untitled.md",
            "followCursor": false,
            "showSearch": false,
            "searchQuery": ""
          },
          "icon": "lucide-list",
          "title": "Outline"
        }
      }
    ],
    "currentTab": 0
  },
  "left-ribbon": {
    "hiddenItems": {
      "switcher:Open quick switcher": false,
      "graph:Open graph view": false,
      "canvas:Create new canvas": false,
      "daily-notes:Open today's daily note": false,
      "templates:Insert template": false,
      "command-palette:Open command palette": false,
      "bases:Create new base": false
    }
  },
  "active": "a33454f5e5924146",
  "lastOpenFiles": [
    "code of points/USAG Compulsory Routines/Level 3.md",
    "notes/Technical manual.md",
    "code of points/Boys Code of Points.md",
    "meet results/ohana surf classic 2026/reflections.md",
    "notes/Team Warm-Up & Stretch.md",
    "notes/Rotation_Schedule.md",
    "Mens technical manual.md",
    "logistics/Calendar & Events.md",
    "logistics/Ryan's Hours.md",
    "meet results/ohana surf classic 2026/All-Around Rankings.md",
    "meet results/stanford open 2026/CSC Scores.md",
    "meet results/west coast classic 2026/Team Results.md",
    "meet results/west coast classic 2026/Reflections.md",
    "meet results/west coast classic 2026/D2 All-Around Rankings.md",
    "meet results/ohana surf classic 2026/Team Results.md",
    "meet results/ohana surf classic 2026/CSC Scores.md",
    "meet results/Ohana surf classic 2026/Results.md",
    "notes/Successful turns tracker.md",
    "meet results/ohana surf classic 2026",
    "files/Coaching tips.pdf",
    "files/Usag routines.pdf",
    "code of points/NGA Super Skills.md",
    "archives/Parent Notes.md",
    "archives/Annual Review Notes.md",
    "archives/Friday Practice Meet Notes.md",
    "archives/NGA Meet Day Logistics.md",
    "archives/Level 3 routine improvements.md",
    "archives/USAG Meet Day Logistics.md",
    "archives/L3_01-06-2026.md"
  ]
}